Workbook

Sheet Dashboard
B2: DASHBOARD DE GESTIÓN DE TAREAS
B3: Reporte generado: 15/11/2025 00:04
B5: KPIs PRINCIPALES
B7: TOTAL TAREAS | D7: COMPLETADAS | F7: PENDIENTES | H7: VENCIDAS
B8: =SUM(Estados!B2:B4) -> 0 | D8: =Estados!B3 -> 0 | F8: =Estados!B2 -> 0 | H8: =Estados!B4 -> 0
D10: =Estados!B3/SUM(Estados!B2:B4) -> 0 | F10: =Estados!B2/SUM(Estados!B2:B4) -> 0 | H10: =Estados!B4/SUM(Estados!B2:B4) -> 0
B13: DISTRIBUCIÓN POR PRIORIDAD | F13: TOP 3 USUARIOS MÁS PRODUCTIVOS
B15: Prioridad | C15: Cantidad | D15: Porcentaje | F15: Ranking | G15: Usuario | H15: Asignadas | I15: Finalizadas
B16: Alta | C16: =Prioridades!B2 -> 0 | D16: =C16/SUM($C$16:$C$18) -> 0 | F16: 🥇 1° | G16: =Top3!A2 -> 0 | H16: =Top3!B2 -> 0 | I16: =Top3!C2 -> 0
B17: Media | C17: =Prioridades!B3 -> 0 | D17: =C17/SUM($C$16:$C$18) -> 0 | F17: 🥈 2° | G17: =Top3!A3 -> 0 | H17: =Top3!B3 -> 0 | I17: =Top3!C3 -> 0
B18: Baja | C18: =Prioridades!B4 -> 0 | D18: =C18/SUM($C$16:$C$18) -> 0 | F18: 🥉 3° | G18: =Top3!A4 -> 0 | H18: =Top3!B4 -> 0 | I18: =Top3!C4 -> 0
B19: TOTAL | C19: =SUM(C16:C18) -> 0 | D19: =SUM(D16:D18) -> 0

Sheet Estados
A1: Estado | B1: Cantidad | C1: Porcentaje
A2: Pendiente | B2: 2 | C2: =B2/SUM($B$2:$B$4) -> 0
A3: Completado | B3: 5 | C3: =B3/SUM($B$2:$B$4) -> 0
A4: Vencido | B4: 1 | C4: =B4/SUM($B$2:$B$4) -> 0
A5: TOTAL | B5: =SUM(B2:B4) -> 0 | C5: 100%

Sheet Prioridades
A1: Prioridad | B1: Cantidad | C1: Porcentaje
A2: Alta | B2: 3 | C2: =B2/SUM($B$2:$B$4) -> 0
A3: Media | B3: 4 | C3: =B3/SUM($B$2:$B$4) -> 0
A4: Baja | B4: 1 | C4: =B4/SUM($B$2:$B$4) -> 0
A5: TOTAL | B5: =SUM(B2:B4) -> 0 | C5: 100%

Sheet Top3
A1: Usuario | B1: Tareas Asignadas | C1: Tareas Finalizadas | D1: Eficiencia (%)
A2: Tilin insano | B2: 10 | C2: 7 | D2: =C2/B2 -> 0
A3: chucho chucharizard | B3: 5 | C3: 4 | D3: =C3/B3 -> 0
A4: Administrador Sistema | B4: 3 | C4: 2 | D4: =C4/B4 -> 0
A5: TOTAL | B5: =SUM(B2:B4) -> 0 | C5: =SUM(C2:C4) -> 0 | D5: =C5/B5 -> 0

Sheet Análisis
B2: ANÁLISIS DETALLADO DE MÉTRICAS
B5: MÉTRICAS DE RENDIMIENTO | H5: DATOS DE TENDENCIA
H6: Semana | I6: Completadas | J6: Pendientes
B7: Métrica | C7: Valor | D7: Meta | E7: Diferencia | F7: Estado
B8: Tasa de Completitud | C8: =Estados!B3/SUM(Estados!B2:B4) -> 0 | D8: 0.8 | E8: =B8-C8 -> 0 | F8: =IF(D8>=0,"✅ Cumple","❌ No cumple") -> 0 | H8: Sem 1 | I8: 3 | J8: 2
B9: Tasa de Vencimiento | C9: =Estados!B4/SUM(Estados!B2:B4) -> 0 | D9: 0.1 | E9: =C9-B9 -> 0 | F9: =IF(D9>=0,"✅ Cumple","❌ No cumple") -> 0 | H9: Sem 2 | I9: 5 | J9: 3
B10: Productividad Promedio | C10: =AVERAGE(Top3!D2:D4) -> 0 | D10: 0.7 | E10: =B10-C10 -> 0 | F10: =IF(D10>=0,"✅ Cumple","❌ No cumple") -> 0 | H10: Sem 3 | I10: 4 | J10: 2
B11: Tareas Alta Prioridad | C11: =Prioridades!B2/SUM(Prioridades!B2:B4) -> 0 | D11: 0.3 | E11: =B11-C11 -> 0 | F11: =IF(ABS(D11)<0.1,"✅ Balanceado","⚠️ Revisar") -> 0 | H11: Sem 4 | I11: 5 | J11: 2
